-- Floq demo seed — наполняет аккаунт demo@floq.app данными на всю систему.
-- Идемпотентно: фиксированные UUID + ON CONFLICT; audit_log пере-заливается.
BEGIN;

\set demo '''00000000-0000-0000-0000-000000000001'''

-- ============ 0. user_settings (чтобы Settings показывал конфиг) ============
INSERT INTO user_settings (user_id, telegram_bot_active, imap_host, imap_user,
    ai_provider, ai_model, notify_telegram, auto_qualify, auto_draft, auto_followup)
VALUES (:demo, true, 'imap.yandex.ru', 'sales@floq.app',
    'openai', 'gpt-4o-mini', true, true, true, true)
ON CONFLICT (user_id) DO UPDATE SET
    ai_provider = EXCLUDED.ai_provider,
    ai_model    = EXCLUDED.ai_model,
    telegram_bot_active = EXCLUDED.telegram_bot_active,
    imap_host   = EXCLUDED.imap_host,
    imap_user   = EXCLUDED.imap_user;

-- ============ 1. lead_sources внутри существующих категорий demo ============
INSERT INTO lead_sources (id, user_id, category_id, name, sort_order) VALUES
  ('d4444444-0000-0000-0000-000000000001', :demo, '72c26201-03dd-4065-8377-49f9b008d7f0', '2GIS — Москва', 0),
  ('d4444444-0000-0000-0000-000000000002', :demo, '72c26201-03dd-4065-8377-49f9b008d7f0', '2GIS — Санкт-Петербург', 1),
  ('d4444444-0000-0000-0000-000000000003', :demo, '888b1419-c8f3-446f-8361-41001c30322c', 'CSV — выгрузка с конференции', 0),
  ('d4444444-0000-0000-0000-000000000004', :demo, '888b1419-c8f3-446f-8361-41001c30322c', 'CSV — LinkedIn Sales Nav', 1),
  ('d4444444-0000-0000-0000-000000000005', :demo, '18d1392e-cb44-4ad4-a350-f9482bda9713', 'БК «Магнат»', 0),
  ('d4444444-0000-0000-0000-000000000006', :demo, '18d1392e-cb44-4ad4-a350-f9482bda9713', 'Рекомендация партнёра', 1),
  ('d4444444-0000-0000-0000-000000000007', :demo, 'f514a775-25d1-43a9-b373-0d491cd7b503', 'Telegram-бот', 0),
  ('d4444444-0000-0000-0000-000000000008', :demo, 'f514a775-25d1-43a9-b373-0d491cd7b503', 'Форма на сайте', 1)
ON CONFLICT (id) DO NOTHING;

-- ============ 2. prospects (разные статусы/индустрии/верификация) ============
INSERT INTO prospects (id, user_id, name, company, title, email, phone, telegram_username,
    industry, company_size, source, status, verify_status, verify_score, source_id, created_at) VALUES
  ('a2222222-0000-0000-0000-000000000001', :demo, 'Артур Гаврилов', 'CloudMetrics', 'CEO',           'a.gavrilov@cloudmetrics.io', '+7 905 111-20-30', '@agavrilov',  'SaaS',      '11-50',  'csv',    'in_sequence', 'valid',   92, 'd4444444-0000-0000-0000-000000000004', NOW() - INTERVAL '24 days'),
  ('a2222222-0000-0000-0000-000000000002', :demo, 'Светлана Маркова', 'РитейлХаб', 'Head of Ops',     's.markova@retailhub.ru',    '+7 916 222-31-41', '@smarkova',   'Retail',    '51-200', 'csv',    'replied',     'valid',   88, 'd4444444-0000-0000-0000-000000000003', NOW() - INTERVAL '22 days'),
  ('a2222222-0000-0000-0000-000000000003', :demo, 'Роман Жуков', 'ЛогистикаПро', 'COO',               'r.zhukov@logpro.ru',        '+7 925 333-42-52', '@rzhukov',    'Logistics', '201-500','manual', 'converted',   'valid',   95, 'd4444444-0000-0000-0000-000000000005', NOW() - INTERVAL '20 days'),
  ('a2222222-0000-0000-0000-000000000004', :demo, 'Ирина Соколова', 'МедТех Решения', 'CTO',          'i.sokolova@medtech.ru',     '+7 903 444-53-63', '@isokolova',  'HealthTech','11-50',  'manual', 'in_sequence', 'risky',   61, 'd4444444-0000-0000-0000-000000000006', NOW() - INTERVAL '19 days'),
  ('a2222222-0000-0000-0000-000000000005', :demo, 'Денис Карпов', 'ФинАгрегатор', 'Product Lead',     'd.karpov@finagg.io',        '+7 912 555-64-74', '@dkarpov',    'FinTech',   '51-200', 'csv',    'in_sequence', 'valid',   84, 'd4444444-0000-0000-0000-000000000004', NOW() - INTERVAL '17 days'),
  ('a2222222-0000-0000-0000-000000000006', :demo, 'Юлия Тарасова', 'EdMarket', 'Founder',             'y.tarasova@edmarket.ru',    '+7 905 666-75-85', '@ytarasova',  'EdTech',    '1-10',   'manual', 'replied',     'valid',   90, 'd4444444-0000-0000-0000-000000000007', NOW() - INTERVAL '15 days'),
  ('a2222222-0000-0000-0000-000000000007', :demo, 'Максим Поляков', '2ГИС-партнёр Авто', 'Owner',     'm.polyakov@avtopart.ru',    '+7 916 777-86-96', '',            'Automotive','11-50',  'manual', 'new',         'not_checked', 0, 'd4444444-0000-0000-0000-000000000001', NOW() - INTERVAL '12 days'),
  ('a2222222-0000-0000-0000-000000000008', :demo, 'Анна Воробьёва', 'BeautyTech', 'CMO',              'a.vorobeva@beautytech.ru',  '+7 925 888-97-07', '@avorobeva',  'Beauty',    '11-50',  'manual', 'in_sequence', 'valid',   79, 'd4444444-0000-0000-0000-000000000001', NOW() - INTERVAL '11 days'),
  ('a2222222-0000-0000-0000-000000000009', :demo, 'Григорий Новиков', 'СтройИнвест', 'Commercial Dir','g.novikov@stroyinvest.ru',  '+7 903 999-08-18', '',            'Construction','201-500','manual','new',        'not_checked', 0, 'd4444444-0000-0000-0000-000000000002', NOW() - INTERVAL '9 days'),
  ('a2222222-0000-0000-0000-000000000010', :demo, 'Екатерина Лисицына', 'HR-Cloud', 'CEO',            'e.lisitsyna@hrcloud.io',    '+7 912 010-19-29', '@elisitsyna', 'HRTech',    '11-50',  'csv',    'replied',     'valid',   86, 'd4444444-0000-0000-0000-000000000004', NOW() - INTERVAL '8 days'),
  ('a2222222-0000-0000-0000-000000000011', :demo, 'Олег Богданов', 'АгроСнаб', 'Director',            'o.bogdanov@agrosnab.ru',    '+7 905 121-30-40', '',            'AgriTech',  '51-200', 'manual', 'in_sequence', 'risky',   55, 'd4444444-0000-0000-0000-000000000006', NOW() - INTERVAL '7 days'),
  ('a2222222-0000-0000-0000-000000000012', :demo, 'Вероника Шестакова', 'TravelLine', 'Head of Sales','v.shestakova@travelline.ru','+7 916 232-41-51', '@vshestakova','Travel',    '51-200', 'csv',    'opted_out',   'valid',   71, 'd4444444-0000-0000-0000-000000000003', NOW() - INTERVAL '6 days'),
  ('a2222222-0000-0000-0000-000000000013', :demo, 'Тимур Хабиров', 'DataForge', 'VP Engineering',     't.khabirov@dataforge.io',   '+7 925 343-52-62', '@tkhabirov',  'Data',      '51-200', 'csv',    'new',         'valid',   83, 'd4444444-0000-0000-0000-000000000004', NOW() - INTERVAL '4 days'),
  ('a2222222-0000-0000-0000-000000000014', :demo, 'Алина Кравцова', 'ЮрФлоу', 'Managing Partner',     'a.kravtsova@urflow.ru',     '+7 903 454-63-73', '',            'LegalTech', '11-50',  'manual', 'new',         'not_checked', 0, 'd4444444-0000-0000-0000-000000000005', NOW() - INTERVAL '3 days'),
  ('a2222222-0000-0000-0000-000000000015', :demo, 'Виктор Семёнов', 'ПромТех', 'Закупки',             'v.semenov@promteh.ru',      '+7 912 565-74-84', '',            'Manufacturing','201-500','manual','new',     'not_checked', 0, 'd4444444-0000-0000-0000-000000000002', NOW() - INTERVAL '1 day')
ON CONFLICT (id) DO NOTHING;

-- ============ 3. leads + messages + qualifications + drafts ============
INSERT INTO leads (id, user_id, channel, contact_name, company, first_message, status, telegram_chat_id, email_address, source_id, created_at) VALUES
  ('b1111111-0000-0000-0000-000000000001', :demo, 'telegram', 'Алексей Смирнов', 'ООО «Ромашка»',       'Здравствуйте! Видел вас на конференции. Ищем CRM для отдела продаж из 12 человек, посоветуете?', 'qualified',       100100101, NULL,                       'd4444444-0000-0000-0000-000000000007', NOW() - INTERVAL '6 days'),
  ('b1111111-0000-0000-0000-000000000002', :demo, 'telegram', 'Марина Котова',   'Студия «Лайт»',        'Добрый день, сколько стоит внедрение и за какой срок реально запуститься?',                       'in_conversation', 100100102, NULL,                       'd4444444-0000-0000-0000-000000000007', NOW() - INTERVAL '5 days'),
  ('b1111111-0000-0000-0000-000000000003', :demo, 'email',    'Сергей Орлов',    'ТД «Восток»',          'Нужна интеграция с 1С и телефонией. Бюджет ограничен. Что можете предложить?',                    'followup',        NULL,      's.orlov@td-vostok.ru',     'd4444444-0000-0000-0000-000000000008', NOW() - INTERVAL '8 days'),
  ('b1111111-0000-0000-0000-000000000004', :demo, 'email',    'Ольга Белова',    'Клиника «Здоровье»',   'Подскажите, у вас есть запись на демо на следующей неделе?',                                      'new',             NULL,      'o.belova@zdorovie.ru',     'd4444444-0000-0000-0000-000000000008', NOW() - INTERVAL '2 days'),
  ('b1111111-0000-0000-0000-000000000005', :demo, 'telegram', 'Павел Громов',    'АвтоТрейд',            'Договорились по условиям, готовы стартовать с понедельника. Куда отправить реквизиты?',           'closed',          100100105, NULL,                       'd4444444-0000-0000-0000-000000000007', NOW() - INTERVAL '14 days'),
  ('b1111111-0000-0000-0000-000000000006', :demo, 'email',    'Наталья Зайцева', 'EduSoft',              'Рассматриваем замену текущего решения. Важна аналитика по воронке. Есть ли отчёты?',              'qualified',       NULL,      'n.zaytseva@edusoft.ru',    'd4444444-0000-0000-0000-000000000008', NOW() - INTERVAL '7 days'),
  ('b1111111-0000-0000-0000-000000000007', :demo, 'telegram', 'Игорь Лебедев',   'Логистик Плюс',        'Привет! А с какими мессенджерами вы интегрируетесь, кроме телеги?',                               'in_conversation', 100100107, NULL,                       'd4444444-0000-0000-0000-000000000007', NOW() - INTERVAL '4 days'),
  ('b1111111-0000-0000-0000-000000000008', :demo, 'email',    'Виктория Сомова', 'БьютиБар',             'Здравствуйте, пришлите, пожалуйста, прайс и кейсы по бьюти-сфере.',                               'new',             NULL,      'v.somova@beautybar.ru',    'd4444444-0000-0000-0000-000000000008', NOW() - INTERVAL '1 day')
ON CONFLICT (id) DO NOTHING;

INSERT INTO messages (id, lead_id, direction, body, sent_at) VALUES
  ('aa000001-0000-0000-0000-000000000001', 'b1111111-0000-0000-0000-000000000001', 'inbound',  'Здравствуйте! Видел вас на конференции. Ищем CRM для отдела продаж из 12 человек, посоветуете?', NOW() - INTERVAL '6 days'),
  ('aa000001-0000-0000-0000-000000000002', 'b1111111-0000-0000-0000-000000000001', 'outbound', 'Алексей, добрый день! Да, конечно. Под отдел из 12 человек подойдёт тариф Team. Какой у вас сейчас стек и есть ли требования по интеграциям?', NOW() - INTERVAL '6 days' + INTERVAL '20 min'),
  ('aa000001-0000-0000-0000-000000000003', 'b1111111-0000-0000-0000-000000000001', 'inbound',  'Сейчас всё в Excel и Telegram. Нужна интеграция с телефонией и сайтом.', NOW() - INTERVAL '5 days'),
  ('aa000002-0000-0000-0000-000000000001', 'b1111111-0000-0000-0000-000000000002', 'inbound',  'Добрый день, сколько стоит внедрение и за какой срок реально запуститься?', NOW() - INTERVAL '5 days'),
  ('aa000002-0000-0000-0000-000000000002', 'b1111111-0000-0000-0000-000000000002', 'outbound', 'Марина, здравствуйте! Базовый запуск — 3-5 рабочих дней. Стоимость зависит от числа пользователей, подскажите размер команды?', NOW() - INTERVAL '5 days' + INTERVAL '15 min'),
  ('aa000003-0000-0000-0000-000000000001', 'b1111111-0000-0000-0000-000000000003', 'inbound',  'Нужна интеграция с 1С и телефонией. Бюджет ограничен. Что можете предложить?', NOW() - INTERVAL '8 days'),
  ('aa000003-0000-0000-0000-000000000002', 'b1111111-0000-0000-0000-000000000003', 'outbound', 'Сергей, добрый день! Интеграция с 1С есть из коробки. Давайте созвонимся на 15 минут и подберём оптимальную конфигурацию под бюджет.', NOW() - INTERVAL '7 days'),
  ('aa000005-0000-0000-0000-000000000001', 'b1111111-0000-0000-0000-000000000005', 'inbound',  'Договорились по условиям, готовы стартовать с понедельника. Куда отправить реквизиты?', NOW() - INTERVAL '14 days'),
  ('aa000005-0000-0000-0000-000000000002', 'b1111111-0000-0000-0000-000000000005', 'outbound', 'Павел, отлично! Отправил договор и реквизиты на почту. После оплаты заводим проект и назначаем менеджера внедрения.', NOW() - INTERVAL '13 days'),
  ('aa000006-0000-0000-0000-000000000001', 'b1111111-0000-0000-0000-000000000006', 'inbound',  'Рассматриваем замену текущего решения. Важна аналитика по воронке. Есть ли отчёты?', NOW() - INTERVAL '7 days'),
  ('aa000007-0000-0000-0000-000000000001', 'b1111111-0000-0000-0000-000000000007', 'inbound',  'Привет! А с какими мессенджерами вы интегрируетесь, кроме телеги?', NOW() - INTERVAL '4 days'),
  ('aa000007-0000-0000-0000-000000000002', 'b1111111-0000-0000-0000-000000000007', 'outbound', 'Игорь, привет! Telegram, WhatsApp и Email в одном инбоксе. Что для вас в приоритете?', NOW() - INTERVAL '4 days' + INTERVAL '10 min')
ON CONFLICT (id) DO NOTHING;

INSERT INTO qualifications (id, lead_id, identified_need, estimated_budget, deadline, score, score_reason, recommended_action, provider_used, generated_at) VALUES
  ('cc000001-0000-0000-0000-000000000001', 'b1111111-0000-0000-0000-000000000001', 'Внедрение CRM для отдела продаж 12 человек с интеграцией телефонии и сайта', '300 000 – 500 000 ₽/год', 'В течение месяца',        82, 'Чёткая потребность, обозначен размер команды и интеграции, тёплый контакт с конференции', 'Назначить демо и подготовить КП под тариф Team', 'openai', NOW() - INTERVAL '5 days'),
  ('cc000001-0000-0000-0000-000000000002', 'b1111111-0000-0000-0000-000000000002', 'Оценка стоимости и сроков внедрения',                                       'Не определён',           'Не указан',               65, 'Интерес есть, но бюджет и сроки не подтверждены, нужна квалификация', 'Уточнить размер команды и согласовать звонок', 'openai', NOW() - INTERVAL '5 days'),
  ('cc000001-0000-0000-0000-000000000003', 'b1111111-0000-0000-0000-000000000003', 'Интеграция с 1С и телефонией при ограниченном бюджете',                     'до 200 000 ₽',           'Квартал',                 74, 'Конкретные требования по интеграциям, но ограниченный бюджет требует подбора тарифа', 'Созвон 15 минут, подобрать конфигурацию под бюджет', 'openai', NOW() - INTERVAL '7 days'),
  ('cc000001-0000-0000-0000-000000000005', 'b1111111-0000-0000-0000-000000000005', 'Готов к старту, согласованы условия',                                       '450 000 ₽/год',          'Немедленно',              91, 'Сделка фактически закрыта: условия согласованы, запрошены реквизиты', 'Выставить счёт и завести проект внедрения', 'anthropic', NOW() - INTERVAL '13 days'),
  ('cc000001-0000-0000-0000-000000000006', 'b1111111-0000-0000-0000-000000000006', 'Замена текущей CRM с упором на аналитику воронки',                          '250 000 – 400 000 ₽/год','2 месяца',                78, 'Явная боль (аналитика), есть текущее решение для сравнения — высокий потенциал', 'Показать дашборды аналитики на демо', 'openai', NOW() - INTERVAL '6 days'),
  ('cc000001-0000-0000-0000-000000000007', 'b1111111-0000-0000-0000-000000000007', 'Мультиканальные интеграции мессенджеров',                                   'Не определён',           'Не указан',               58, 'Ранняя стадия интереса, вопрос про функциональность без обозначенного бюджета', 'Выяснить приоритетный канал и потребность', 'openai', NOW() - INTERVAL '4 days')
ON CONFLICT (lead_id) DO NOTHING;

INSERT INTO drafts (id, lead_id, body, created_at) VALUES
  ('dd000001-0000-0000-0000-000000000002', 'b1111111-0000-0000-0000-000000000002', 'Марина, чтобы назвать точную стоимость, подскажите, пожалуйста: сколько человек будет работать в системе и нужны ли интеграции (телефония, сайт, мессенджеры)? Готов также показать всё на 20-минутном демо — когда вам удобно на этой неделе?', NOW() - INTERVAL '5 days' + INTERVAL '12 min'),
  ('dd000001-0000-0000-0000-000000000003', 'b1111111-0000-0000-0000-000000000003', 'Сергей, предлагаю короткий звонок на 15 минут: покажу готовую интеграцию с 1С и телефонией и подберём тариф под ваш бюджет. Вам удобнее завтра до обеда или после 15:00?', NOW() - INTERVAL '7 days' + INTERVAL '5 min'),
  ('dd000001-0000-0000-0000-000000000007', 'b1111111-0000-0000-0000-000000000007', 'Игорь, мы интегрируемся с Telegram, WhatsApp и Email — все диалоги собираются в одном инбоксе с AI-подсказками по ответам. Какой канал для вас сейчас в приоритете? Могу показать на демо.', NOW() - INTERVAL '4 days' + INTERVAL '8 min')
ON CONFLICT (id) DO NOTHING;

-- ============ 4. sequences + steps + outbound_messages ============
INSERT INTO sequences (id, user_id, name, is_active, created_at) VALUES
  ('c3333333-0000-0000-0000-000000000001', :demo, 'Холодный аутрич — IT-директора', true,  NOW() - INTERVAL '30 days'),
  ('c3333333-0000-0000-0000-000000000002', :demo, 'Реактивация спящей базы',         true,  NOW() - INTERVAL '21 days'),
  ('c3333333-0000-0000-0000-000000000003', :demo, 'Приглашение на вебинар',          false, NOW() - INTERVAL '12 days')
ON CONFLICT (id) DO NOTHING;

INSERT INTO sequence_steps (id, sequence_id, step_order, delay_days, channel, prompt_hint) VALUES
  ('e5000001-0000-0000-0000-000000000001', 'c3333333-0000-0000-0000-000000000001', 1, 0, 'email',      'Короткое письмо-знакомство: боль отдела продаж + 1 цифра-результат, мягкий CTA на 15-мин звонок'),
  ('e5000001-0000-0000-0000-000000000002', 'c3333333-0000-0000-0000-000000000001', 2, 3, 'telegram',   'Напоминание в TG: 1 кейс из похожей индустрии, вопрос про текущий стек'),
  ('e5000001-0000-0000-0000-000000000003', 'c3333333-0000-0000-0000-000000000001', 3, 8, 'phone_call', 'Бриф для звонка: проверить бюджет, сроки, ЛПР'),
  ('e5000002-0000-0000-0000-000000000001', 'c3333333-0000-0000-0000-000000000002', 1, 0, 'email',      'Реактивация: «давно не общались», новая фича аналитики, лёгкий CTA'),
  ('e5000002-0000-0000-0000-000000000002', 'c3333333-0000-0000-0000-000000000002', 2, 5, 'email',      'Догоняющее письмо с кейсом и ограниченным по времени предложением'),
  ('e5000003-0000-0000-0000-000000000001', 'c3333333-0000-0000-0000-000000000003', 1, 0, 'email',      'Приглашение на вебинар: тема, дата, кнопка регистрации'),
  ('e5000003-0000-0000-0000-000000000002', 'c3333333-0000-0000-0000-000000000003', 2, 2, 'telegram',   'Напоминание за день до вебинара')
ON CONFLICT (sequence_id, step_order) DO NOTHING;

-- outbound_messages: спред по последним 28 дням, разные статусы + opened/replied для аналитики
INSERT INTO outbound_messages (id, prospect_id, sequence_id, step_order, channel, body, status, scheduled_at, sent_at, opened_at, replied_at, created_at) VALUES
  ('f6000001-0000-0000-0000-000000000001', 'a2222222-0000-0000-0000-000000000001', 'c3333333-0000-0000-0000-000000000001', 1, 'email',      'Артур, здравствуйте! Помогаем SaaS-командам собирать все заявки из Telegram, Email и сайта в один инбокс с AI-квалификацией. У клиентов из вашей ниши время ответа сократилось в 4 раза. Открыты к 15-минутному звонку на след. неделе?', 'sent',     NOW() - INTERVAL '24 days', NOW() - INTERVAL '24 days', NOW() - INTERVAL '24 days' + INTERVAL '3 hours', NOW() - INTERVAL '23 days', NOW() - INTERVAL '24 days'),
  ('f6000001-0000-0000-0000-000000000002', 'a2222222-0000-0000-0000-000000000001', 'c3333333-0000-0000-0000-000000000001', 2, 'telegram',   'Артур, дополню по прошлому письму: вот короткий кейс CloudMetrics-подобной команды. Какой у вас сейчас инструмент для заявок?', 'sent',     NOW() - INTERVAL '21 days', NOW() - INTERVAL '21 days', NOW() - INTERVAL '21 days' + INTERVAL '1 hour', NULL,                       NOW() - INTERVAL '21 days'),
  ('f6000001-0000-0000-0000-000000000003', 'a2222222-0000-0000-0000-000000000002', 'c3333333-0000-0000-0000-000000000001', 1, 'email',      'Светлана, добрый день! Для ритейла с большим потоком обращений у нас есть AI-маршрутизация и автодрафты ответов. Получилось бы показать на коротком демо?', 'sent', NOW() - INTERVAL '22 days', NOW() - INTERVAL '22 days', NOW() - INTERVAL '22 days' + INTERVAL '5 hours', NOW() - INTERVAL '21 days', NOW() - INTERVAL '22 days'),
  ('f6000001-0000-0000-0000-000000000004', 'a2222222-0000-0000-0000-000000000005', 'c3333333-0000-0000-0000-000000000001', 1, 'email',      'Денис, привет! FinTech-команды ценят у нас полный аудит стоимости каждого AI-ответа и квалификацию лида за секунды. Интересно обсудить?', 'sent', NOW() - INTERVAL '17 days', NOW() - INTERVAL '17 days', NOW() - INTERVAL '17 days' + INTERVAL '2 hours', NULL, NOW() - INTERVAL '17 days'),
  ('f6000001-0000-0000-0000-000000000005', 'a2222222-0000-0000-0000-000000000005', 'c3333333-0000-0000-0000-000000000001', 2, 'telegram',   'Денис, как вам идея пилота на 2 недели? Покажем экономию на квалификации в цифрах.', 'approved', NOW() + INTERVAL '1 day', NULL, NULL, NULL, NOW() - INTERVAL '2 days'),
  ('f6000001-0000-0000-0000-000000000006', 'a2222222-0000-0000-0000-000000000004', 'c3333333-0000-0000-0000-000000000001', 1, 'email',      'Ирина, здравствуйте! Для HealthTech важна скорость и точность ответов — у нас AI-черновик готовится за секунды, менеджер только подтверждает. Покажу на демо?', 'sent', NOW() - INTERVAL '19 days', NOW() - INTERVAL '19 days', NULL, NULL, NOW() - INTERVAL '19 days'),
  ('f6000001-0000-0000-0000-000000000007', 'a2222222-0000-0000-0000-000000000008', 'c3333333-0000-0000-0000-000000000001', 1, 'email',      'Анна, добрый день! Beauty-сети у нас используют автонапоминания и единый инбокс по всем филиалам. Откликнется?', 'sent', NOW() - INTERVAL '11 days', NOW() - INTERVAL '11 days', NOW() - INTERVAL '11 days' + INTERVAL '4 hours', NULL, NOW() - INTERVAL '11 days'),
  ('f6000001-0000-0000-0000-000000000008', 'a2222222-0000-0000-0000-000000000002', 'c3333333-0000-0000-0000-000000000002', 1, 'email',      'Светлана, давно не общались! Добавили дашборд аналитики по воронке — теперь видно конверсию каждого источника. Вернёмся к разговору?', 'sent', NOW() - INTERVAL '10 days', NOW() - INTERVAL '10 days', NOW() - INTERVAL '10 days' + INTERVAL '6 hours', NOW() - INTERVAL '9 days', NOW() - INTERVAL '10 days'),
  ('f6000001-0000-0000-0000-000000000009', 'a2222222-0000-0000-0000-000000000006', 'c3333333-0000-0000-0000-000000000002', 1, 'email',      'Юлия, привет! У нас обновление: AI теперь сам пишет персонализированные касания. Хотите глянуть, как это работает для EdTech?', 'sent', NOW() - INTERVAL '14 days', NOW() - INTERVAL '14 days', NOW() - INTERVAL '14 days' + INTERVAL '1 hour', NOW() - INTERVAL '13 days', NOW() - INTERVAL '14 days'),
  ('f6000001-0000-0000-0000-000000000010', 'a2222222-0000-0000-0000-000000000010', 'c3333333-0000-0000-0000-000000000002', 1, 'email',      'Екатерина, здравствуйте! HRTech-командам заходит наша квалификация входящих — экономит до 15 минут на лиде. Покажу?', 'sent', NOW() - INTERVAL '7 days', NOW() - INTERVAL '7 days', NOW() - INTERVAL '7 days' + INTERVAL '2 hours', NOW() - INTERVAL '6 days', NOW() - INTERVAL '7 days'),
  ('f6000001-0000-0000-0000-000000000011', 'a2222222-0000-0000-0000-000000000011', 'c3333333-0000-0000-0000-000000000002', 1, 'email',      'Олег, добрый день! Для AgriTech с сезонным спросом полезны автосеквенции реактивации. Обсудим пилот?', 'sent', NOW() - INTERVAL '6 days', NOW() - INTERVAL '6 days', NULL, NULL, NOW() - INTERVAL '6 days'),
  ('f6000001-0000-0000-0000-000000000012', 'a2222222-0000-0000-0000-000000000012', 'c3333333-0000-0000-0000-000000000003', 1, 'email',      'Вероника, приглашаем на вебинар «AI в B2B-продажах: как закрывать быстрее» — четверг, 16:00. Зарегистрироваться?', 'rejected', NOW() - INTERVAL '5 days', NULL, NULL, NULL, NOW() - INTERVAL '5 days'),
  ('f6000001-0000-0000-0000-000000000013', 'a2222222-0000-0000-0000-000000000003', 'c3333333-0000-0000-0000-000000000001', 1, 'email',      'Роман, здравствуйте! Логистике у нас заходит единый инбокс по водителям и клиентам. Покажу на демо?', 'sent', NOW() - INTERVAL '20 days', NOW() - INTERVAL '20 days', NOW() - INTERVAL '20 days' + INTERVAL '2 hours', NOW() - INTERVAL '19 days', NOW() - INTERVAL '20 days'),
  ('f6000001-0000-0000-0000-000000000014', 'a2222222-0000-0000-0000-000000000013', 'c3333333-0000-0000-0000-000000000001', 1, 'email',      'Тимур, привет! Data-командам важна стоимость каждого AI-вызова — у нас это видно в реальном времени. Интересно?', 'draft', NOW() + INTERVAL '2 days', NULL, NULL, NULL, NOW() - INTERVAL '1 day')
ON CONFLICT (id) DO NOTHING;

-- ============ 5. pending_replies (очередь авто-ответов на подтверждение) ============
INSERT INTO pending_replies (id, user_id, lead_id, channel, kind, body, status, created_at) VALUES
  ('b8000001-0000-0000-0000-000000000001', :demo, 'b1111111-0000-0000-0000-000000000002', 'telegram', 'booking_link', 'Марина, вот ссылка для записи на демо в удобный слот: https://cal.floq.app/demo/marina — выберите время, и я подтвержу встречу.', 'pending', NOW() - INTERVAL '3 hours'),
  ('b8000001-0000-0000-0000-000000000002', :demo, 'b1111111-0000-0000-0000-000000000007', 'telegram', 'booking_link', 'Игорь, чтобы предметно показать интеграции мессенджеров, забронируйте звонок: https://cal.floq.app/demo/igor', 'pending', NOW() - INTERVAL '1 hour'),
  ('b8000001-0000-0000-0000-000000000003', :demo, 'b1111111-0000-0000-0000-000000000003', 'email',    'booking_link', 'Сергей, ссылка для записи на 15-минутный звонок по интеграции с 1С: https://cal.floq.app/demo/sergey', 'pending', NOW() - INTERVAL '20 hours')
ON CONFLICT (id) DO NOTHING;

-- ============ 6. audit_log (~110 строк за 30 дней — наполняет дашборд стоимости) ============
DELETE FROM audit_log WHERE user_id = :demo;
INSERT INTO audit_log (user_id, lead_id, prospect_id, request_type, provider, model,
    input_tokens, output_tokens, total_tokens, cost_usd_micro, latency_ms, status, created_at)
SELECT
    :demo,
    CASE WHEN i % 3 = 0 THEN (ARRAY[
        'b1111111-0000-0000-0000-000000000001','b1111111-0000-0000-0000-000000000002',
        'b1111111-0000-0000-0000-000000000003','b1111111-0000-0000-0000-000000000005',
        'b1111111-0000-0000-0000-000000000006','b1111111-0000-0000-0000-000000000007'
    ]::uuid[])[(i % 6) + 1] ELSE NULL END,
    CASE WHEN i % 3 = 1 THEN (ARRAY[
        'a2222222-0000-0000-0000-000000000001','a2222222-0000-0000-0000-000000000002',
        'a2222222-0000-0000-0000-000000000005','a2222222-0000-0000-0000-000000000006',
        'a2222222-0000-0000-0000-000000000010'
    ]::uuid[])[(i % 5) + 1] ELSE NULL END,
    (ARRAY['qualification','draft_reply','cold_message','telegram_message','followup','style_check'])[(i % 6) + 1],
    (ARRAY['openai','anthropic','openai','ollama'])[(i % 4) + 1],
    (ARRAY['gpt-4o-mini','claude-haiku-4-5','gpt-4o','gemma3:4b'])[(i % 4) + 1],
    inp, outp, inp + outp,
    -- cost по модели (micro-USD): ollama = 0
    CASE (i % 4)
        WHEN 0 THEN (inp * 0.15 + outp * 0.60)::bigint   -- gpt-4o-mini
        WHEN 1 THEN (inp * 0.80 + outp * 4.00)::bigint   -- claude-haiku
        WHEN 2 THEN (inp * 2.50 + outp * 10.00)::bigint  -- gpt-4o
        ELSE 0
    END,
    300 + (i * 53) % 2200,
    'success',
    NOW() - ((i % 30) || ' days')::interval - ((i * 7 % 24) || ' hours')::interval
FROM (
    SELECT i, 500 + (i * 137) % 2000 AS inp, 150 + (i * 59) % 700 AS outp
    FROM generate_series(1, 110) AS g(i)
) s;

COMMIT;
